{
    "schema_name": "qc_schema_output",
    "schema_version": 1,
    "qcjson_creator_version": "0.2.0",
    "provenance": {
        "creator": "ORCA",
        "version": "4.2.0"
    },
    "molecule": {
        "geometry": [[-1.849328, 0.630522, 0.51534], [-1.294801, 1.801909, 1.656272], [-0.47248, 3.445751, 0.862627], [0.135063, 1.593403, 2.632713], [-2.54455, 2.868253, 2.277167], [-3.482577, 2.676616, 2.122408], [0.161566, 1.001523, 3.399222], [-1.217575, 3.974452, 1.258171], [-1.232645, -0.021039, 0.146948], [0.279808, 3.543069, 1.490242]],
        "symbols": [ "O", "Al", "O", "O", "O", "H", "H", "H", "H", "H" ]
    },
    "molecular_charge": 0,
    "molecular_multiplicity": 1,
    "name": "alo4h5-orca.freq-bp86.def2svp",
    "atomic_numbers": [8, 13, 8, 8, 8, 1, 1, 1, 1, 1],
    "driver": "frequency",
    "model": {
        "method": "BP86",
        "basis": "def2-SVP",
        "aux_basis": "def2/J"
    },
    "keywords": {
        "dispersion": "D3BJ",
        "scf_convergence_tolerance": "Tight",
        "rij_approximation": true,
        "scf_grid_level": 4,
        "final_grid_level": 4
    },
    "properties": {
        "scf_total_energy": -546.253504654,
        "scf_dispersion_correction_energy": -0.009532894,
        "scf_iterations": 14,
        "scf_dipole_moment": [ 0.35528, 0.2498, 0.18928 ],
        "return_energy": -546.220683774,
        "calcinfo_nbasis": 99,
        "calcinfo_nmo": 99,
        "nuclear_repulsion_energy": 250.95295491,
        "scf_one_electron_energy": -1256.01010934,
        "scf_two_electron_energy": 458.81318267,
        "scf_xc_energy": -55.046287522497,
        "mulliken_charges": [ -0.440595, 0.633694, -0.202986, -0.480334, -0.488954, 0.190527, 0.187818, 0.20079, 0.185307, 0.214734 ],
        "loewdin_charges": [ -0.239322, 0.25191, 0.0332, -0.265218, -0.266508, 0.084985, 0.082462, 0.111536, 0.083594, 0.12336 ],
        "omega": [ 0.0, 0.0, 0.0, 0.0, 0.0, 0.0, 66.35, 141.6, 195.61, 217.69, 233.53, 269.43, 291.43, 295.18, 426.16, 445.55, 588.43, 612.29, 638.17, 673.0, 679.99, 762.58, 881.75, 890.37, 1561.54, 3414.88, 3617.4, 3806.79, 3807.27, 3821.08 ],
        "q": [
            [ 0.0, 0.0, 0.0, 0.0, 0.0, 0.0, -0.002801, -0.07021, -0.057825, -0.173677, 0.001499, -0.035455, -0.01586, 0.045725, -0.025532, -0.008424, 0.081666, -0.0804, 0.012431, -0.036854, -0.010705, 0.013817, -0.045812, 0.049544, -0.000679, 0.000497, -2.7e-05, -0.037219, -0.004636, 0.001678 ],
            [ 0.0, 0.0, 0.0, 0.0, 0.0, 0.0, -0.020105, -0.157153, 0.048656, 0.038443, 0.150225, 0.100718, 0.02762, 0.038075, -0.038319, 0.000205, 0.067911, -0.019175, -0.075327, -0.037691, -0.053501, 0.040816, -0.047395, 0.18433, -0.000615, -3.9e-05, 0.000158, 0.043095, 0.005289, -0.002112 ],
            [ 0.0, 0.0, 0.0, 0.0, 0.0, 0.0, -0.015838, 0.141835, -0.002424, 0.027274, 0.077523, -0.103024, -0.043186, -0.051278, -0.094151, -0.007823, 0.093101, -0.032995, -0.054832, -0.042274, -0.032761, 0.031025, -0.056781, 0.173365, 3.2e-05, -0.000237, -3.8e-05, 0.025323, 0.00308, -0.001371 ],
            [ 0.0, 0.0, 0.0, 0.0, 0.0, 0.0, -0.100516, -0.002323, 0.026298, 0.079234, 0.026723, 0.002849, 0.02013, -0.029458, -0.110233, -0.011934, 0.013753, 0.0229, 0.012049, 0.016568, 0.022605, 0.047989, 0.2171, -0.008854, 0.002172, -0.001408, 8.2e-05, -0.000887, -2.3e-05, -0.000848 ],
            [ 0.0, 0.0, 0.0, 0.0, 0.0, 0.0, 0.025267, 0.001787, -0.01571, -0.035272, 0.092683, -0.067351, 0.007883, -0.036288, -0.195258, -0.03071, 0.010036, 0.018613, -0.011802, 0.034398, 0.021282, -0.046872, -0.050383, -0.198272, 0.000748, -0.001148, -0.000599, -0.000171, -0.000741, -0.000321 ],
            [ 0.0, 0.0, 0.0, 0.0, 0.0, 0.0, -0.016501, -0.050322, 0.02409, -0.030625, 0.120192, 0.049332, -0.037771, 0.055517, 0.16113, 0.029719, -0.005732, -0.006241, -0.019493, -0.036817, -0.024094, -0.016109, 0.090456, -0.17406, -0.000276, 0.000912, 0.000203, -0.000431, -0.000464, -8.7e-05 ],
            [ 0.0, 0.0, 0.0, 0.0, 0.0, 0.0, 0.214161, 0.03481, 0.016583, 0.028732, 0.045712, -0.055278, 0.009469, -0.049657, 0.177192, -0.022998, -0.016434, -0.006038, -0.010767, -0.020407, 0.031529, 0.086317, -0.05164, -0.035496, -0.006784, 0.035531, -0.05547, -0.000118, 0.000975, -0.000305 ],
            [ 0.0, 0.0, 0.0, 0.0, 0.0, 0.0, -0.086027, 0.110045, -0.049739, 0.056362, -0.0293, -0.132496, 0.02022, -0.047412, 0.312587, 0.059071, 0.023558, -0.004614, 0.00281, 0.059155, -0.030818, 0.010117, 0.010233, 0.006268, -0.042216, -0.033179, 0.000531, -0.000166, -0.000396, -7.2e-05 ],
            [ 0.0, 0.0, 0.0, 0.0, 0.0, 0.0, 0.038147, 0.2068, -0.044914, 0.041002, -0.051552, 0.073306, -0.016727, 0.035159, -0.154205, -0.011325, -0.035482, 0.006689, 0.01338, -0.087574, 0.037441, -0.046805, 0.005597, 0.031364, -0.051166, -0.029335, -0.032383, -0.000109, -0.000267, -0.000486 ],
            [ 0.0, 0.0, 0.0, 0.0, 0.0, 0.0, 0.013217, 0.041706, -0.010288, 0.05412, 0.126643, 0.068775, -0.046221, 0.056676, -0.00283, 0.011011, -0.137938, -0.054213, 0.025666, 0.130106, 0.005769, -0.040857, -0.159367, 0.045492, 0.000206, 7.6e-05, -0.000637, 9.6e-05, 1.4e-05, 0.004555 ],
            [ 0.0, 0.0, 0.0, 0.0, 0.0, 0.0, 0.171652, 0.025803, 0.092077, 0.044344, -0.172939, 0.100885, 0.044662, 0.013615, 0.001727, 0.002904, -0.053477, -0.017627, -0.01359, -0.064266, -0.019361, 0.021305, 0.032304, -0.002429, -0.000571, 0.000559, 0.000372, -0.002055, 0.000814, -0.037673 ],
            [ 0.0, 0.0, 0.0, 0.0, 0.0, 0.0, -0.107502, -0.103299, 0.084176, 0.031071, -0.07681, 0.019126, 0.059346, -0.062102, -0.006627, 0.019298, -0.031732, 0.012463, 0.033864, 0.131705, 0.017283, -0.045673, -0.114082, 0.051011, -0.001208, -0.000762, -0.000864, 0.002459, -0.001105, 0.050166 ],
            [ 0.0, 0.0, 0.0, 0.0, 0.0, 0.0, -0.099206, -0.018223, -0.015126, 0.000343, -0.222216, 0.030958, 0.022098, -0.018371, 0.030691, -0.002804, 0.036298, 0.025165, -0.059692, -0.093952, -0.077943, -0.117207, -0.097153, -0.079135, -0.00244, 0.001932, -0.000241, 0.007765, -0.060912, -0.001825 ],
            [ 0.0, 0.0, 0.0, 0.0, 0.0, 0.0, -0.103015, 0.057758, -0.052197, -0.09923, -0.080971, 0.068358, -0.049539, 0.056951, 0.016729, -0.013338, -0.03351, -0.004975, 0.152746, 0.019441, -0.001475, 0.055467, 0.060393, 0.077051, 0.002576, -0.001331, 0.000369, 0.001214, -0.010062, -0.000194 ],
            [ 0.0, 0.0, 0.0, 0.0, 0.0, 0.0, 0.097263, -0.165167, 0.007017, -0.052581, -0.130703, -0.128071, 0.036826, 0.001295, -0.013262, -0.059071, -0.020488, -0.001743, 0.080022, 0.012479, 0.029095, 0.047068, 0.022908, 0.044023, -0.003933, -0.000117, -0.000246, 0.001056, -0.008349, -0.000283 ],
            [ 0.0, 0.0, 0.0, 0.0, 0.0, 0.0, -0.086815, -0.033405, 0.02266, 0.059484, -0.130733, -0.045188, 0.023901, 0.020431, 0.00454, -0.035087, 0.036475, 0.086144, 0.162646, -0.173552, -0.197889, -0.109622, -0.155641, -0.087184, 0.000949, -0.013037, 0.005634, -0.120529, 0.962141, 0.02698 ],
            [ 0.0, 0.0, 0.0, 0.0, 0.0, 0.0, -0.129555, -0.011666, 0.024689, -0.065819, -0.570418, -0.248624, -0.093368, 0.422133, 0.065995, -0.025109, -0.042763, -0.251824, -0.760366, 0.312391, 0.491821, -0.131095, 0.312768, 0.132406, -0.012942, -0.006589, 0.002114, -0.0226, 0.180023, 0.005236 ],
            [ 0.0, 0.0, 0.0, 0.0, 0.0, 0.0, 0.059661, 0.024709, -0.326848, -0.474748, -0.087317, 0.761035, 0.084254, -0.711563, 0.079394, 0.17854, 0.003954, -0.092954, -0.292729, 0.167366, 0.204584, 0.192111, 0.088734, -0.013387, 0.003165, -0.002439, 0.00061, -0.01847, 0.146413, 0.003792 ],
            [ 0.0, 0.0, 0.0, 0.0, 0.0, 0.0, 0.144547, 0.368354, 0.294338, -0.195778, 0.08414, 0.299458, 0.073045, 0.247781, 0.381528, 0.002932, 0.702391, 0.509714, 0.16859, 0.232516, 0.422501, -0.102508, -0.285139, 0.086605, 0.011244, -0.00128, -0.001303, -0.001863, 0.00046, -0.046512 ],
